rank,status,reason,name,website,primary_type,primary_type_raw,business_status,rating,user_rating_count,rental_signal,matched_activities,matched_terms,matched_tiers,matched_modes,geo_zone,aoi_distance_m,review_lane,dedup_note,site_note,site_relevance,possible_duplicate_of,place_id,source_url
1,needs_review,gate4:verified-slug:scheels,Scheels,https://www.scheels.com/store/reno-sparks/074?utm_source=google&utm_medium=yext,Sporting Goods Store,sporting_goods_store,OPERATIONAL,4.6,3537,true,alpine-ski; archery; backpacking; camping; climbing; cycling; disc-golf; fishing-gear; gear-shop; ice-skate; mtb; nordic-ski; pwc; snowboard; snowshoe,archery pro shop; archery range; backpacking gear rental; bike rental; bike shop; camping gear rental; climbing gear rental; cross country ski rental; disc golf rental; fishing bait and tackle shop; ice skate rental; jet ski rental; mountain bike rental; outdoor gear rental; ski rental; ski shop; snowboard rental; snowboard shop; snowshoe rental; sporting goods store,core; gap,standard,covered_tile,0,duplicate,"Slug was previously verified, but location/domain did not corroborate a same-operator duplicate.",,,,ChIJHefXBOs-mYARYT-GUi8dUKU,https://maps.google.com/?cid=11912053103480160097&g_mp=Cidnb29nbGUubWFwcy5wbGFjZXMudjEuUGxhY2VzLlNlYXJjaFRleHQQAhgEIAA
2,needs_review,gate4:sweep_possible_duplicate,Lake Tahoe Cruises / MS Dixie II,https://www.zephyrcove.com/lake-tahoe-cruises/cruise-experience?utm_source=google&utm_medium=organic&utm_campaign=gbp_listing,Tour Agency,tour_agency,OPERATIONAL,4.4,995,true,powerboat,boat charter,core,standard,covered_tile,0,duplicate,possible_duplicate_of:ChIJq6qqnhebmYARgppW84gBCww,,,ChIJq6qqnhebmYARgppW84gBCww,ChIJCcWhKwmQmYARTKh8RnD8ccA,https://maps.google.com/?cid=13867142286799579212&g_mp=Cidnb29nbGUubWFwcy5wbGFjZXMudjEuUGxhY2VzLlNlYXJjaFRleHQQAhgEIAA
3,needs_review,gate4:sweep_possible_duplicate,Sportsman's Warehouse,https://stores.sportsmans.com/sportsmans-warehouse/us/nv/carson-city/1443-s-carson-st?utm_source=google&utm_medium=organic&utm_campaign=GMB&y_source=1_OTg4MDE1Mi03MTUtbG9jYXRpb24ud2Vic2l0ZQ%3D%3D,Sporting Goods Store,sporting_goods_store,OPERATIONAL,4.3,773,true,alpine-ski; archery; fishing-gear; gear-shop; snowboard,archery pro shop; archery range; fishing bait and tackle shop; ski shop; snowboard shop; sporting goods store,core; gap,standard,covered_tile,0,duplicate,possible_duplicate_of:ChIJswimCXhAmYARbcHxHEi_zZc,,,ChIJswimCXhAmYARbcHxHEi_zZc,ChIJZ5_s3QygmYARF1o4clHxktQ,https://maps.google.com/?cid=15317570614751418903&g_mp=Cidnb29nbGUubWFwcy5wbGFjZXMudjEuUGxhY2VzLlNlYXJjaFRleHQQAhgEIAA
4,needs_review,gate4:sweep_possible_duplicate,Big 5 Sporting Goods,http://www.big5sportinggoods.com/,Sporting Goods Store,sporting_goods_store,OPERATIONAL,4.2,548,true,cycling; fishing-gear; gear-shop; snowboard,bike shop; fishing bait and tackle shop; snowboard shop; sporting goods store,core; gap,standard,covered_tile,0,duplicate,possible_duplicate_of:ChIJVQaY73VAmYARn0kEp4dptlI,,,ChIJVQaY73VAmYARn0kEp4dptlI,ChIJ4dlT8rmPmYARcM6hZlrohTM,https://maps.google.com/?cid=3712628942803422832&g_mp=Cidnb29nbGUubWFwcy5wbGFjZXMudjEuUGxhY2VzLlNlYXJjaFRleHQQAhgEIAA
5,needs_review,gate4:sweep_possible_duplicate,Big 5 Sporting Goods,http://www.big5sportinggoods.com/,Sporting Goods Store,sporting_goods_store,OPERATIONAL,4.2,539,true,alpine-ski; cycling; gear-shop; snowboard,bike shop; ski shop; snowboard shop; sporting goods store,core,standard,covered_tile,0,duplicate,possible_duplicate_of:ChIJVQaY73VAmYARn0kEp4dptlI,,,ChIJVQaY73VAmYARn0kEp4dptlI,ChIJRQ2OgNA-mYARvKDgeYqlR6c,https://maps.google.com/?cid=12053784941849256124&g_mp=Cidnb29nbGUubWFwcy5wbGFjZXMudjEuUGxhY2VzLlNlYXJjaFRleHQQAhgEIAA
6,needs_review,gate4:verified-slug:rei,REI,https://www.rei.com/stores/reno?y_source=1_MTQ1MzQxOC03MTUtbG9jYXRpb24ud2Vic2l0ZQ%3D%3D,Store,store,OPERATIONAL,4.3,458,true,alpine-ski; backcountry-ski; backpacking; camping; canoe; climbing; cycling; gear-shop; ice-climb; kayak; mtb; nordic-ski; snow-tube; snowboard; snowshoe; sup; windsurf,backcountry ski rental; backpacking gear rental; bike rental; bike shop; camping gear rental; canoe rental; climbing gear rental; cross country ski rental; kayak rental; mountain bike rental; mountaineering gear rental; outdoor equipment rental; outdoor gear rental; paddleboard rental; ski rental; ski shop; sled rental; snowboard rental; snowboard shop; snowshoe rental; sporting goods store; windsurfing rental,core; experience,standard,covered_tile,0,duplicate,"Slug was previously verified, but location/domain did not corroborate a same-operator duplicate.",,,,ChIJyTEMtn0_mYARwkrufB2t4Fc,https://maps.google.com/?cid=6332251418244565698&g_mp=Cidnb29nbGUubWFwcy5wbGFjZXMudjEuUGxhY2VzLlNlYXJjaFRleHQQAhgEIAA
7,needs_review,gate4:sweep_possible_duplicate,C-A-L Ranch Stores,https://www.calranch.com/about/store-locations/reno,Food Store,food_store,OPERATIONAL,4.3,369,true,fishing-gear; gear-shop,fishing bait and tackle shop; sporting goods store,core; gap,standard,covered_tile,0,duplicate,possible_duplicate_of:ChIJTzn0DcAKmYARxoee15mGbs0,,,ChIJTzn0DcAKmYARxoee15mGbs0,ChIJif-J2w8_mYAR3sySJaP30sI,https://maps.google.com/?cid=14038555268549364958&g_mp=Cidnb29nbGUubWFwcy5wbGFjZXMudjEuUGxhY2VzLlNlYXJjaFRleHQQAhgEIAA
8,needs_review,gate4:verified-slug:lake-tahoe-snowmobile-tours-inc,"Lake Tahoe Snowmobile Tours, Inc.",https://laketahoesnowmobile.com/,Tour Agency,tour_agency,OPERATIONAL,4.8,311,true,snow-tube; snowmobile,sled rental; snowmobile rental,core; experience,standard,covered_tile,0,duplicate,"Slug was previously verified, but location/domain did not corroborate a same-operator duplicate.",,,,ChIJK_S0ZKNjmYARflMVD1YFGjY,https://maps.google.com/?cid=3898434294620967806&g_mp=Cidnb29nbGUubWFwcy5wbGFjZXMudjEuUGxhY2VzLlNlYXJjaFRleHQQAhgEIAA
9,needs_review,gate4:sweep_possible_duplicate,Big 5 Sporting Goods,http://www.big5sportinggoods.com/,Sporting Goods Store,sporting_goods_store,OPERATIONAL,4.2,297,true,alpine-ski; cycling; gear-shop; snowboard,bike shop; ski shop; snowboard rental; snowboard shop; sporting goods store,core,standard,covered_tile,0,duplicate,possible_duplicate_of:ChIJVQaY73VAmYARn0kEp4dptlI,,,ChIJVQaY73VAmYARn0kEp4dptlI,ChIJGQAqJTegmYAR8nyAN4saCSM,https://maps.google.com/?cid=2524578251351817458&g_mp=Cidnb29nbGUubWFwcy5wbGFjZXMudjEuUGxhY2VzLlNlYXJjaFRleHQQAhgEIAA
10,needs_review,gate4:verified-slug:gear-hut,Gear Hut,http://www.gearhutreno.com/,Store,store,OPERATIONAL,4.9,229,true,alpine-ski; backcountry-ski; backpacking; camping; climbing; cycling; gear-shop; ice-climb; mtb; snowboard; snowshoe,backcountry ski rental; backpacking gear rental; bike shop; camping gear rental; climbing gear rental; mountain bike rental; mountaineering gear rental; outdoor equipment rental; outdoor gear rental; ski rental; ski shop; snowboard rental; snowboard shop; snowshoe rental; sporting goods store,core,standard,covered_tile,0,duplicate,"Slug was previously verified, but location/domain did not corroborate a same-operator duplicate.",,,,ChIJOZet7oxBmYARFkEseucIW5Q,https://maps.google.com/?cid=10690147930774192406&g_mp=Cidnb29nbGUubWFwcy5wbGFjZXMudjEuUGxhY2VzLlNlYXJjaFRleHQQAhgEIAA
11,needs_review,gate4:sweep_possible_duplicate,MetroPawn,https://ezpawn.com/stores/nv/reno/50-e-grove-st-unit-a,Services,service,OPERATIONAL,4.6,220,true,cycling; gear-shop,bike shop; sporting goods store,core,standard,covered_tile,0,duplicate,possible_duplicate_of:ChIJmf-M8-A-mYARc6_PtX-mJWY,,,ChIJmf-M8-A-mYARc6_PtX-mJWY,ChIJkyK6XYVAmYAR2_whMgCjkok,https://maps.google.com/?cid=9913164951032298715&g_mp=Cidnb29nbGUubWFwcy5wbGFjZXMudjEuUGxhY2VzLlNlYXJjaFRleHQQAhgEIAA
12,needs_review,gate4:verified-slug:patagonia,Patagonia,http://www.patagonia.com/,Sportswear Store,sportswear_store,OPERATIONAL,4.4,216,true,alpine-ski; backpacking; gear-shop; snowboard,backpacking gear rental; ski shop; snowboard shop; sporting goods store,core,standard,covered_tile,0,duplicate,"Slug was previously verified, but location/domain did not corroborate a same-operator duplicate.",,,,ChIJRV9f9HaQmYAR6kmr0HZp9kE,https://maps.google.com/?cid=4753102415764081130&g_mp=Cidnb29nbGUubWFwcy5wbGFjZXMudjEuUGxhY2VzLlNlYXJjaFRleHQQAhgEIAA
13,needs_review,gate4:sweep_possible_duplicate,Big 5 Sporting Goods,http://www.big5sportinggoods.com/,Sporting Goods Store,sporting_goods_store,OPERATIONAL,4.3,216,true,cycling; fishing-gear; gear-shop; snowboard,bike shop; fishing bait and tackle shop; snowboard shop; sporting goods store,core; gap,standard,covered_tile,0,duplicate,possible_duplicate_of:ChIJVQaY73VAmYARn0kEp4dptlI,,,ChIJVQaY73VAmYARn0kEp4dptlI,ChIJ8XowCYO9mYARf9bJ0czzw5w,https://maps.google.com/?cid=11296140351393879679&g_mp=Cidnb29nbGUubWFwcy5wbGFjZXMudjEuUGxhY2VzLlNlYXJjaFRleHQQAhgEIAA
14,needs_review,gate4:sweep_possible_duplicate,Clearly Tahoe,https://clearlytahoe.com/incline-village/,Tour Agency,tour_agency,OPERATIONAL,4.9,214,true,canoe; kayak; pontoon; snowshoe; sup; watersports,canoe rental; kayak rental; kayak tours; paddleboard rental; pontoon rental; snowshoe rental; watersports rental,core,standard,covered_tile,0,duplicate,possible_duplicate_of:ChIJPTg0tSKbmYARgDzXqwNGgqo,,,ChIJPTg0tSKbmYARgDzXqwNGgqo,ChIJY9svMahxmYARM1p7-_L3-TA,https://maps.google.com/?cid=3529124405994805811&g_mp=Cidnb29nbGUubWFwcy5wbGFjZXMudjEuUGxhY2VzLlNlYXJjaFRleHQQAhgEIAA
15,needs_review,gate4:sweep_possible_duplicate,Truckee River Raft Co.,http://www.truckeeriverraft.com/,Tour Agency,tour_agency,OPERATIONAL,4.7,197,true,powerboat; rafting; river-tube; snow-tube,boat rental; river float rental; river tubing rental; snow tube rental; whitewater rafting,core; experience,standard,covered_tile,0,duplicate,possible_duplicate_of:ChIJjU1hg4XXm4AR1icF995eImA,,,ChIJjU1hg4XXm4AR1icF995eImA,ChIJNxrjaZ19mYARcNS3tWQt3xs,https://maps.google.com/?cid=2008373869399233648&g_mp=Cidnb29nbGUubWFwcy5wbGFjZXMudjEuUGxhY2VzLlNlYXJjaFRleHQQAhgEIAA
16,needs_review,gate4:verified-slug:coldstream-adventures-tours,Coldstream Adventures Tours,https://www.coldstreamadventures.com/,Tour Agency,tour_agency,OPERATIONAL,4.9,186,true,atv; snow-tube; snowmobile,atv rental; sled rental; snowmobile rental,core; experience,standard,covered_tile,0,duplicate,"Slug was previously verified, but location/domain did not corroborate a same-operator duplicate.",,,,ChIJqXFkczDem4AR7b6Aqfody8M,https://maps.google.com/?cid=14108403220091027181&g_mp=Cidnb29nbGUubWFwcy5wbGFjZXMudjEuUGxhY2VzLlNlYXJjaFRleHQQAhgEIAA
17,needs_review,gate4:sweep_possible_duplicate,MetroPawn,https://ezpawn.com/stores/nv/reno/800-w-5th-st,Services,service,OPERATIONAL,4.3,181,true,cycling; gear-shop,bike shop; sporting goods store,core,standard,covered_tile,0,duplicate,possible_duplicate_of:ChIJmf-M8-A-mYARc6_PtX-mJWY,,,ChIJmf-M8-A-mYARc6_PtX-mJWY,ChIJd6rxZy5HmYARpxnN1onJdAc,https://maps.google.com/?cid=537275849415399847&g_mp=Cidnb29nbGUubWFwcy5wbGFjZXMudjEuUGxhY2VzLlNlYXJjaFRleHQQAhgEIAA
18,needs_review,gate4:sweep_possible_duplicate,Reno Running Company,http://www.renorunningcompany.com/,Shoe Store,shoe_store,OPERATIONAL,4.9,135,true,gear-shop,sporting goods store,core,standard,covered_tile,0,duplicate,possible_duplicate_of:ChIJe7KVfY4UmYAR3qXoQM1Ay4Y,,,ChIJe7KVfY4UmYAR3qXoQM1Ay4Y,ChIJPU_R4WtAmYAR4IgZPnf-fag,https://maps.google.com/?cid=12141139958557149408&g_mp=Cidnb29nbGUubWFwcy5wbGFjZXMudjEuUGxhY2VzLlNlYXJjaFRleHQQAhgEIAA
19,needs_review,gate4:verified-slug:ski-pro,Ski Pro,https://skipro.com/,Sporting Goods Store,sporting_goods_store,OPERATIONAL,4.7,126,true,alpine-ski; backcountry-ski; gear-shop; nordic-ski; snowboard; snowshoe,alpine touring ski rental; backcountry ski rental; cross country ski rental; outdoor gear rental; ski rental; ski shop; snowboard rental; snowboard shop; snowshoe rental; splitboard rental; sporting goods store,core,standard,covered_tile,0,duplicate,"Slug was previously verified, but location/domain did not corroborate a same-operator duplicate.",,,,ChIJX19jQLs_mYAR1rSMr9FQlCg,https://maps.google.com/?cid=2924050919593915606&g_mp=Cidnb29nbGUubWFwcy5wbGFjZXMudjEuUGxhY2VzLlNlYXJjaFRleHQQAhgEIAA
20,needs_review,gate4:sweep_possible_duplicate,MetroPawn,https://ezpawn.com/stores/nv/reno/6150-s-virginia-st,Services,service,OPERATIONAL,4.2,124,true,cycling; gear-shop,bike shop; sporting goods store,core,standard,covered_tile,0,duplicate,possible_duplicate_of:ChIJmf-M8-A-mYARc6_PtX-mJWY,,,ChIJmf-M8-A-mYARc6_PtX-mJWY,ChIJyVy-Bvc_mYARtL4-4BO64DY,https://maps.google.com/?cid=3954365067360648884&g_mp=Cidnb29nbGUubWFwcy5wbGFjZXMudjEuUGxhY2VzLlNlYXJjaFRleHQQAhgEIAA
21,needs_review,gate4:sweep_possible_duplicate,Reno Running Company,http://www.renorunningcompany.com/,Sporting Goods Store,sporting_goods_store,OPERATIONAL,4.9,120,true,gear-shop,sporting goods store,core,standard,covered_tile,0,duplicate,possible_duplicate_of:ChIJe7KVfY4UmYAR3qXoQM1Ay4Y,,,ChIJe7KVfY4UmYAR3qXoQM1Ay4Y,ChIJITkcCBM5mYARO5jDT_pvwDQ,https://maps.google.com/?cid=3801161206371424315&g_mp=Cidnb29nbGUubWFwcy5wbGFjZXMudjEuUGxhY2VzLlNlYXJjaFRleHQQAhgEIAA
22,needs_review,gate4:verified-slug:north-tahoe-watersports-inc,North Tahoe Watersports Inc,https://www.northtahoewatersports.com/,Services,service,OPERATIONAL,4.6,114,true,alpine-ski; canoe; cycling; gear-shop; kayak; pontoon; powerboat; pwc; sailing; sup; wakeboard; watersports,bike rental; boat charter; boat rental; canoe rental; jet ski rental; kayak rental; lake toy rental; motorboat rental; outdoor equipment rental; paddleboard rental; personal watercraft rental; pontoon rental; sailboat rental; ski boat rental; ski rental; watersports rental; waverunner rental,core,standard,covered_tile,0,duplicate,"Slug was previously verified, but location/domain did not corroborate a same-operator duplicate.",,,,ChIJSTGEgyx7mYARpkagCc9TK8A,https://maps.google.com/?cid=13847253627965556390&g_mp=Cidnb29nbGUubWFwcy5wbGFjZXMudjEuUGxhY2VzLlNlYXJjaFRleHQQAhgEIAA
23,needs_review,gate4:sweep_possible_duplicate,Powder House Ski and Snowboard At The Gondola,http://www.tahoepowderhouse.com/powder-house-at-the-gondola,Services,service,OPERATIONAL,3.6,102,true,alpine-ski; cycling; gear-shop; mtb; snow-tube; snowboard; snowshoe,bike rental; mountain bike rental; outdoor equipment rental; outdoor gear rental; ski rental; ski shop; sled rental; snowboard rental; snowboard shop; snowshoe rental; sporting goods store,core; experience,standard,covered_tile,0,duplicate,possible_duplicate_of:ChIJNd1MfXaQmYARGUhCfr5Mou8,,,ChIJNd1MfXaQmYARGUhCfr5Mou8,ChIJqbAd6naQmYARzmDmLE2LviY,https://maps.google.com/?cid=2791821982598324430&g_mp=Cidnb29nbGUubWFwcy5wbGFjZXMudjEuUGxhY2VzLlNlYXJjaFRleHQQAhgEIAA
24,needs_review,gate4:verified-slug:tahoe-paddle-sports-clear-kayak-adventures-near-south-lake-tahoe-ca,"Tahoe Paddle Sports Clear Kayak Adventures near South Lake Tahoe, CA",https://tahoepaddlesports.com/,Tour Agency,tour_agency,OPERATIONAL,4.7,91,true,canoe; kayak; sup; watersports,canoe rental; kayak rental; kayak tours; paddleboard rental; watersports rental,core,standard,covered_tile,0,duplicate,"Slug was previously verified, but location/domain did not corroborate a same-operator duplicate.",,,,ChIJJcZ34aSbmYARL8AlRsXZDuU,https://maps.google.com/?cid=16505369125668110383&g_mp=Cidnb29nbGUubWFwcy5wbGFjZXMudjEuUGxhY2VzLlNlYXJjaFRleHQQAhgEIAA
25,needs_review,gate4:shared-domain:mountainhardwareandsports.com,Mountain Hardware and Sports,http://www.mountainhardwareandsports.com/?utm_source=google&utm_medium=local&utm_campaign=localmaps&utm_content=17493,Hardware Store,hardware_store,OPERATIONAL,4.7,91,true,cycling; gear-shop,bike shop; sporting goods store,core,standard,covered_tile,0,duplicate,"Website domain already exists, but name/location did not corroborate a duplicate.",,,,ChIJcSAJVZBhmYARzgK_2BUwZdU,https://maps.google.com/?cid=15376749373115269838&g_mp=Cidnb29nbGUubWFwcy5wbGFjZXMudjEuUGxhY2VzLlNlYXJjaFRleHQQAhgEIAA
26,needs_review,gate4:sweep_possible_duplicate,Rental Guys,https://www.rentalguys.com/,Services,service,OPERATIONAL,4.6,84,true,gear-shop,outdoor equipment rental,core,standard,covered_tile,0,duplicate,possible_duplicate_of:ChIJ3-J6Qz0VmYARHxOTx23jJUY,,,ChIJ3-J6Qz0VmYARHxOTx23jJUY,ChIJsZhIvhOgmYAR4IKgwjXO064,https://maps.google.com/?cid=12597639312979296992&g_mp=Cidnb29nbGUubWFwcy5wbGFjZXMudjEuUGxhY2VzLlNlYXJjaFRleHQQAhgEIAA
27,needs_review,gate4:verified-slug:pyramid-peak-sports-bike-rentals,Pyramid Peak Sports& Bike rentals,http://www.pyramidpeak.ski/,Services,service,OPERATIONAL,4.8,80,true,alpine-ski; backcountry-ski; cycling; dirtbike; gear-shop; mtb; nordic-ski; snowboard; snowshoe,backcountry ski rental; bike rental; bike shop; cross country ski rental; dirt bike rental; mountain bike rental; ski rental; ski shop; snowboard rental; snowboard shop; snowshoe rental; sporting goods store,core,standard,covered_tile,0,duplicate,"Slug was previously verified, but location/domain did not corroborate a same-operator duplicate.",,,,ChIJ2YMdXQSQmYARX77l7FKok-A,https://maps.google.com/?cid=16182462960187588191&g_mp=Cidnb29nbGUubWFwcy5wbGFjZXMudjEuUGxhY2VzLlNlYXJjaFRleHQQAhgEIAA
28,needs_review,gate4:sweep_possible_duplicate,Surefoot,https://www.surefoot.com/locations/northstar,Sporting Goods Store,sporting_goods_store,OPERATIONAL,4.7,79,true,alpine-ski; gear-shop; snowboard,ski rental; ski shop; snowboard rental; snowboard shop; sporting goods store,core,standard,covered_tile,0,duplicate,possible_duplicate_of:ChIJ-Xt0guvZm4ARovxMnGTSl5I,,,ChIJ-Xt0guvZm4ARovxMnGTSl5I,ChIJ1fc-CLRjmYARfP56SzaO9XE,https://maps.google.com/?cid=8211625859425697404&g_mp=Cidnb29nbGUubWFwcy5wbGFjZXMudjEuUGxhY2VzLlNlYXJjaFRleHQQAhgEIAA
29,needs_review,gate4:verified-slug:sierra-adventures-activities-reno-tahoe-llc,"Sierra Adventures / Activities Reno Tahoe, LLC",https://m.wildsierra.com/,,,OPERATIONAL,3.6,73,true,alpine-ski; atv; backpacking; canoe; climbing; cycling; dirtbike; ebike; gear-shop; kayak; mtb; pwc; river-tube; snow-tube; snowboard; snowmobile; snowshoe; utv; wakeboard; watersports,atv rental; backpacking gear rental; bike rental; bike shop; canoe rental; climbing gear rental; dirt bike rental; ebike rental; jet ski rental; kayak rental; kayak tours; mountain bike rental; outdoor equipment rental; outdoor gear rental; quad rental; river float rental; river tubing rental; rzr rental; side by side rental; ski boat rental; ski rental; ski shop; sled rental; snow tube rental; snowboard rental; snowboard shop; snowmobile rental; snowshoe rental; sporting goods store; utv rental; watersports rental,core; experience,standard,covered_tile,0,duplicate,"Slug was previously verified, but location/domain did not corroborate a same-operator duplicate.",,,,ChIJkYDDOMtAmYAR3MpEhhvlzMo,https://maps.google.com/?cid=14613306797289949916&g_mp=Cidnb29nbGUubWFwcy5wbGFjZXMudjEuUGxhY2VzLlNlYXJjaFRleHQQAhgEIAA
30,needs_review,gate4:shared-domain:patagonia.com,Patagonia Service Center,http://www.patagonia.com/,Storage,storage,OPERATIONAL,4.7,70,true,gear-shop,sporting goods store,core,standard,covered_tile,0,duplicate,"Website domain already exists, but name/location did not corroborate a duplicate.",,,,ChIJLcfk8AtEmYARiJVDMeAnT8k,https://maps.google.com/?cid=14505856768636327304&g_mp=Cidnb29nbGUubWFwcy5wbGFjZXMudjEuUGxhY2VzLlNlYXJjaFRleHQQAhgEIAA
31,needs_review,gate4:sweep_possible_duplicate,Obexer's Water Sports,https://www.obexersboat.com/water-sports.html,Services,service,OPERATIONAL,4.9,68,true,alpine-ski; canoe; kayak; pontoon; powerboat; pwc; wakeboard; watersports,boat charter; boat rental; canoe rental; jet ski rental; kayak rental; motorboat rental; personal watercraft rental; pontoon rental; ski boat rental; ski rental; ski shop; wakeboard boat rental; watersports rental; waverunner rental,core,standard,covered_tile,0,duplicate,possible_duplicate_of:ChIJw-qPGNZ_mYAR_mMlUj4Km5s,,,ChIJw-qPGNZ_mYAR_mMlUj4Km5s,ChIJSVwePtZ_mYARHh8lr4sJEcU,https://maps.google.com/?cid=14200141595619434270&g_mp=Cidnb29nbGUubWFwcy5wbGFjZXMudjEuUGxhY2VzLlNlYXJjaFRleHQQAhgEIAA
32,needs_review,gate4:sweep_possible_duplicate,Tahoe Dave's Skis & Boards,https://www.tahoedaves.com/,Services,service,OPERATIONAL,4.9,66,true,alpine-ski; backcountry-ski; gear-shop; nordic-ski; snow-tube; snowboard; snowshoe,alpine touring ski rental; backcountry ski rental; cross country ski rental; outdoor equipment rental; outdoor gear rental; ski rental; ski shop; sled rental; snowboard rental; snowboard shop; snowshoe rental; splitboard rental; sporting goods store,core; experience,standard,covered_tile,0,duplicate,possible_duplicate_of:ChIJQ3A0TXR9mYARj3o0wJE-6_M,,,ChIJQ3A0TXR9mYARj3o0wJE-6_M,ChIJq7hAzxvfm4AR1KpsAkJLSNk,https://maps.google.com/?cid=15656846851434130132&g_mp=Cidnb29nbGUubWFwcy5wbGFjZXMudjEuUGxhY2VzLlNlYXJjaFRleHQQAhgEIAA
33,needs_review,gate4:verified-slug:irie-rafting-company-inc,IRIE Rafting Company Inc,http://www.raftirie.com/,Tour Agency,tour_agency,OPERATIONAL,4.6,65,true,outfitter; rafting; river-tube,adventure outfitter; river float rental; whitewater rafting,core; experience,standard,covered_tile,0,duplicate,"Slug was previously verified, but location/domain did not corroborate a same-operator duplicate.",,,,ChIJ42ZPWIbfm4ARuH_EEWnjqJ0,https://maps.google.com/?cid=11360580100451237816&g_mp=Cidnb29nbGUubWFwcy5wbGFjZXMudjEuUGxhY2VzLlNlYXJjaFRleHQQAhgEIAA
34,needs_review,gate4:sweep_possible_duplicate,Lids,https://www.lids.com/store/lids-meadowood-mall/sd-28002995+z-835147-2683726853?_s=bm-LIDS-RETAIL-GMB,Clothing Store,clothing_store,OPERATIONAL,3.6,64,true,gear-shop,sporting goods store,core,standard,covered_tile,0,duplicate,possible_duplicate_of:ChIJw8CAI-s-mYAR6H8Y6mZk23w,,,ChIJw8CAI-s-mYAR6H8Y6mZk23w,ChIJb986pfM_mYAREx531JabZMg,https://maps.google.com/?cid=14439837377368628755&g_mp=Cidnb29nbGUubWFwcy5wbGFjZXMudjEuUGxhY2VzLlNlYXJjaFRleHQQAhgEIAA
35,needs_review,gate4:verified-slug:adrenaline-connection-inc,"Adrenaline Connection, Inc.",,Services,service,OPERATIONAL,4.1,63,true,alpine-ski; atv; cycling; dirtbike; snow-tube; snowmobile; utv,atv rental; bike rental; bike shop; dirt bike rental; quad rental; rzr rental; side by side rental; ski rental; ski shop; sled rental; snowmobile rental; utv rental,core; experience,standard,covered_tile,0,duplicate,"Slug was previously verified, but location/domain did not corroborate a same-operator duplicate.",,,,ChIJI_KoU5Xfm4ARF823vGxcmmI,https://maps.google.com/?cid=7105092984222764311&g_mp=Cidnb29nbGUubWFwcy5wbGFjZXMudjEuUGxhY2VzLlNlYXJjaFRleHQQAhgEIAA
36,needs_review,gate4:sweep_possible_duplicate,Reno KTM Husqvarna GasGas- Now owned by Michael's Reno Powersports,https://www.michaelsreno.com/,Store,store,OPERATIONAL,4.1,62,true,cycling,bike shop,core,standard,covered_tile,0,duplicate,possible_duplicate_of:ChIJQ9CNBxgVmYARWYRFC6jt0AI,,,ChIJQ9CNBxgVmYARWYRFC6jt0AI,ChIJWxyrn0w_mYARO7LbWv5KYMM,https://maps.google.com/?cid=14078334891466666555&g_mp=Cidnb29nbGUubWFwcy5wbGFjZXMudjEuUGxhY2VzLlNlYXJjaFRleHQQAhgEIAA
37,needs_review,gate4:shared-domain:epicmountainrentals.com,Kirkwood Mountain Sports,https://www.epicmountainrentals.com/,Sporting Goods Store,sporting_goods_store,OPERATIONAL,4.7,59,true,alpine-ski; cycling; gear-shop; mtb; snowboard; snowshoe,bike shop; mountain bike rental; ski rental; ski shop; snowboard rental; snowboard shop; snowshoe rental; sporting goods store,core,standard,covered_tile,0,duplicate,"Website domain already exists, but name/location did not corroborate a duplicate.",,,,ChIJ5zLW07L2mYARbnUkbo-NMlY,https://maps.google.com/?cid=6211182483265058158&g_mp=Cidnb29nbGUubWFwcy5wbGFjZXMudjEuUGxhY2VzLlNlYXJjaFRleHQQAhgEIAA
38,needs_review,gate4:shared-domain:kayaktahoe.com,Kayak Tahoe,https://kayaktahoe.com/,Services,service,OPERATIONAL,4.3,58,true,canoe; kayak; powerboat; sup; watersports,boat rental; canoe rental; kayak rental; kayak tours; paddleboard rental; watersports rental,core,standard,covered_tile,0,duplicate,"Website domain already exists, but name/location did not corroborate a duplicate.",,,,ChIJb9Vvv7SHmYARXA3c6wo9eCM,https://maps.google.com/?cid=2555859905648790876&g_mp=Cidnb29nbGUubWFwcy5wbGFjZXMudjEuUGxhY2VzLlNlYXJjaFRleHQQAhgEIAA
39,needs_review,gate4:sweep_possible_duplicate,SuperPawn,https://www.firstcash.com/,Services,service,OPERATIONAL,3.6,58,true,cycling,bike shop,core,standard,covered_tile,0,duplicate,possible_duplicate_of:ChIJuQx3sGNHmYARHGu8qqYIWEA,,,ChIJuQx3sGNHmYARHGu8qqYIWEA,ChIJT6snIHIKmYARFEidNU8XVFw,https://maps.google.com/?cid=6652968178502420500&g_mp=Cidnb29nbGUubWFwcy5wbGFjZXMudjEuUGxhY2VzLlNlYXJjaFRleHQQAhgEIAA
40,needs_review,gate4:shared-domain:reno.gov,Sierra Vista Park,https://www.reno.gov/Home/Components/FacilityDirectory/FacilityDirectory/151/2864?npage=4,Park,park,OPERATIONAL,4.8,57,true,mtb,downhill bike park rental,core,standard,covered_tile,0,duplicate,"Website domain already exists, but name/location did not corroborate a duplicate.",,,,ChIJJxL5DgtHmYARNfleoUTiV2w,https://maps.google.com/?cid=7806957263463053621&g_mp=Cidnb29nbGUubWFwcy5wbGFjZXMudjEuUGxhY2VzLlNlYXJjaFRleHQQAhgEIAA
41,needs_review,gate4:shared-domain:parks.ca.gov,Fannette Island Tea House,https://www.parks.ca.gov/?page_id=506,Scenic Spot,scenic_spot,OPERATIONAL,4.8,56,true,canoe; kayak; powerboat; sup,boat rental; canoe rental; kayak rental; kayak tours; paddleboard rental,core,standard,covered_tile,0,duplicate,"Website domain already exists, but name/location did not corroborate a duplicate.",,,,ChIJQfx6AlaHmYARoENnttnmR88,https://maps.google.com/?cid=14936160511940051872&g_mp=Cidnb29nbGUubWFwcy5wbGFjZXMudjEuUGxhY2VzLlNlYXJjaFRleHQQAhgEIAA
42,needs_review,gate4:verified-slug:zephyr-cove-snowmobiling-tours,Zephyr Cove Snowmobiling Tours,https://www.zephyrcove.com/snowmobiles/tahoe-snowmobiling-experience?utm_source=google&utm_medium=organic&utm_campaign=gbp_listing,Services,service,OPERATIONAL,4,51,true,snow-tube; snowmobile,sled rental; snowmobile rental,core; experience,standard,covered_tile,0,duplicate,"Slug was previously verified, but location/domain did not corroborate a same-operator duplicate.",,,,ChIJ7dvAtqubmYARB5Qvm7DHvUE,https://maps.google.com/?cid=4737161944395387911&g_mp=Cidnb29nbGUubWFwcy5wbGFjZXMudjEuUGxhY2VzLlNlYXJjaFRleHQQAhgEIAA
43,needs_review,gate4:sweep_possible_duplicate,Heavenly Sports - Cecil's Plaza,https://www.epicmountainrentals.com/,Services,service,OPERATIONAL,4.5,50,true,alpine-ski; gear-shop; snowboard; snowshoe,outdoor gear rental; ski rental; ski shop; snowboard rental; snowboard shop; snowshoe rental; sporting goods store,core,standard,covered_tile,0,duplicate,possible_duplicate_of:ChIJPRErSHaQmYARa7QpkWhOUO0,,,ChIJPRErSHaQmYARa7QpkWhOUO0,ChIJv-yKNHaQmYARw929njJWAu4,https://maps.google.com/?cid=17150365106391866819&g_mp=Cidnb29nbGUubWFwcy5wbGFjZXMudjEuUGxhY2VzLlNlYXJjaFRleHQQAhgEIAA
44,needs_review,gate4:sweep_possible_duplicate,Patagonia,http://www.patagonia.com/,Sportswear Store,sportswear_store,OPERATIONAL,4.7,46,true,alpine-ski; gear-shop; snowboard,ski shop; snowboard shop; sporting goods store,core,standard,covered_tile,0,duplicate,possible_duplicate_of:ChIJRV9f9HaQmYAR6kmr0HZp9kE,,,ChIJRV9f9HaQmYAR6kmr0HZp9kE,ChIJLeqjOjFimYARNK0OnSfFaiY,https://maps.google.com/?cid=2768241694901972276&g_mp=Cidnb29nbGUubWFwcy5wbGFjZXMudjEuUGxhY2VzLlNlYXJjaFRleHQQAhgEIAA
45,needs_review,gate4:sweep_possible_duplicate,Tahoe Dave's Boardshop,http://www.tahoedaves.com/,Sporting Goods Store,sporting_goods_store,OPERATIONAL,4.8,45,true,alpine-ski; backcountry-ski; gear-shop; nordic-ski; pwc; snowboard; snowshoe,backcountry ski rental; cross country ski rental; jet ski rental; outdoor equipment rental; outdoor gear rental; ski rental; ski shop; snowboard rental; snowboard shop; snowshoe rental; splitboard rental; sporting goods store,core,standard,covered_tile,0,duplicate,possible_duplicate_of:ChIJQ3A0TXR9mYARj3o0wJE-6_M,,,ChIJQ3A0TXR9mYARj3o0wJE-6_M,ChIJc-6tR-yOmYARNxSXTGmhdsQ,https://maps.google.com/?cid=14156679952314340407&g_mp=Cidnb29nbGUubWFwcy5wbGFjZXMudjEuUGxhY2VzLlNlYXJjaFRleHQQAhgEIAA
46,needs_review,gate4:verified-slug:around-tahoe-tours-talbot-fine-art-gallery,AROUND TAHOE TOURS / TALBOT FINE ART GALLERY,https://aroundtahoe.com/,,,OPERATIONAL,4.9,38,true,snowmobile,snowmobile rental,core,standard,covered_tile,0,duplicate,"Slug was previously verified, but location/domain did not corroborate a same-operator duplicate.",,,,ChIJxxotdBdwmYARTk4xdGJPMPA,https://maps.google.com/?cid=17307420652259593806&g_mp=Cidnb29nbGUubWFwcy5wbGFjZXMudjEuUGxhY2VzLlNlYXJjaFRleHQQAhgEIAA
47,needs_review,gate4:sweep_possible_duplicate,Powder House Ski & Board: Pro Snow,http://www.tahoepowderhouse.com/powder-house-boot-demo-center,Services,service,OPERATIONAL,4.6,37,true,alpine-ski; backcountry-ski; gear-shop; snowboard; snowshoe,backcountry ski rental; outdoor equipment rental; outdoor gear rental; ski rental; ski shop; snowboard rental; snowboard shop; snowshoe rental; sporting goods store,core,standard,covered_tile,0,duplicate,possible_duplicate_of:ChIJNd1MfXaQmYARGUhCfr5Mou8,,,ChIJNd1MfXaQmYARGUhCfr5Mou8,ChIJ03PeAneQmYARisbooJUWr4c,https://maps.google.com/?cid=9777058147950184074&g_mp=Cidnb29nbGUubWFwcy5wbGFjZXMudjEuUGxhY2VzLlNlYXJjaFRleHQQAhgEIAA
48,needs_review,gate4:sweep_possible_duplicate,Silver and Blue Outfitters,http://www.silverandblueoutfitters.com/,Clothing Store,clothing_store,OPERATIONAL,4.4,37,true,gear-shop,sporting goods store,core,standard,covered_tile,0,duplicate,possible_duplicate_of:ChIJp8qpqvY_mYARR05jFE_BOGY,,,ChIJp8qpqvY_mYARR05jFE_BOGY,ChIJLYpGqfE_mYARZY9qhmUYsw0,https://maps.google.com/?cid=987159567650164581&g_mp=Cidnb29nbGUubWFwcy5wbGFjZXMudjEuUGxhY2VzLlNlYXJjaFRleHQQAhgEIAA
49,needs_review,gate4:verified-slug:lake-tahoe-boat-rentals,Lake Tahoe Boat Rentals,http://tahoeadventurerentals.com/,Services,service,OPERATIONAL,4,37,true,alpine-ski; canoe; kayak; pontoon; powerboat; pwc; sailing; wakeboard; watersports,boat charter; boat rental; canoe rental; jet ski rental; kayak rental; motorboat rental; personal watercraft rental; pontoon rental; sailboat rental; ski boat rental; ski rental; wakeboard boat rental; watersports rental; waverunner rental,core,standard,covered_tile,0,duplicate,"Slug was previously verified, but location/domain did not corroborate a same-operator duplicate.",,,,ChIJ2QgACRZwmYARMOCQpl2hsXQ,https://maps.google.com/?cid=8408679402875969584&g_mp=Cidnb29nbGUubWFwcy5wbGFjZXMudjEuUGxhY2VzLlNlYXJjaFRleHQQAhgEIAA
50,needs_review,gate4:verified-slug:ride-tahoe-rentals,Ride Tahoe Rentals,https://www.ridetahoerentals.com/,Services,service,OPERATIONAL,5,36,true,alpine-ski; cycling; ebike; mtb; snowboard,bike rental; bike shop; downhill bike park rental; ebike rental; mountain bike rental; ski rental; snowboard rental; snowboard shop,core,standard,covered_tile,0,duplicate,"Slug was previously verified, but location/domain did not corroborate a same-operator duplicate.",,,,ChIJi--nu62NmYARJiuXEQuXRIk,https://maps.google.com/?cid=9891196755408005926&g_mp=Cidnb29nbGUubWFwcy5wbGFjZXMudjEuUGxhY2VzLlNlYXJjaFRleHQQAhgEIAA
51,needs_review,gate4:sweep_possible_duplicate,East Shore E-Bikes Tours & Rentals,https://tahoemultisport.com/home-2/,Services,service,OPERATIONAL,4.7,33,true,alpine-ski; cycling; ebike; kayak; mtb; nordic-ski; sup,bike rental; bike shop; cross country ski rental; downhill bike park rental; ebike rental; kayak rental; kayak tours; mountain bike rental; paddleboard rental; ski rental; ski shop,core,standard,covered_tile,0,duplicate,possible_duplicate_of:ChIJbYhgbxtwmYAR_mdxFLQOQZE,,,ChIJbYhgbxtwmYAR_mdxFLQOQZE,ChIJm_OOpPdxmYAR1VliycpjzoA,https://maps.google.com/?cid=9281465604670380501&g_mp=Cidnb29nbGUubWFwcy5wbGFjZXMudjEuUGxhY2VzLlNlYXJjaFRleHQQAhgEIAA
52,needs_review,gate4:sweep_possible_duplicate,Parallel Mountain Sports,https://www.palisadestahoe.com/events-and-activities/shopping/parallel,Sporting Goods Store,sporting_goods_store,OPERATIONAL,3.9,32,true,alpine-ski; cycling; gear-shop; mtb; snowboard; snowshoe,bike rental; bike shop; mountain bike rental; outdoor equipment rental; outdoor gear rental; ski rental; ski shop; snowboard rental; snowboard shop; snowshoe rental; sporting goods store,core,standard,covered_tile,0,duplicate,possible_duplicate_of:ChIJN83rWezZm4ARtHEgfKt-QPs,,,ChIJN83rWezZm4ARtHEgfKt-QPs,ChIJzUBQ9uzZm4ARv8ZP7EJ-tgE,https://maps.google.com/?cid=123424865696859839&g_mp=Cidnb29nbGUubWFwcy5wbGFjZXMudjEuUGxhY2VzLlNlYXJjaFRleHQQAhgEIAA
53,needs_review,gate4:sweep_possible_duplicate,Olympic Valley Ski & Bike,https://olympicvalleyskiandbike.com/,Sporting Goods Store,sporting_goods_store,OPERATIONAL,4.6,31,true,alpine-ski; backcountry-ski; backpacking; climbing; cycling; ebike; gear-shop; mtb; nordic-ski; pwc; snowboard; snowshoe,alpine touring ski rental; backcountry ski rental; backpacking gear rental; bike rental; bike shop; climbing gear rental; cross country ski rental; ebike rental; jet ski rental; mountain bike rental; outdoor gear rental; ski rental; ski shop; snowboard rental; snowboard shop; snowshoe rental; splitboard rental; sporting goods store,core,standard,covered_tile,0,duplicate,possible_duplicate_of:ChIJL0PZlOrZm4ARCLy9I1WG14U,,,ChIJL0PZlOrZm4ARCLy9I1WG14U,ChIJu5xhn0HZm4ARO3ETVqLq1ec,https://maps.google.com/?cid=16705516375750439227&g_mp=Cidnb29nbGUubWFwcy5wbGFjZXMudjEuUGxhY2VzLlNlYXJjaFRleHQQAhgEIAA
54,needs_review,gate4:sweep_possible_duplicate,Kirkwood Village Rentals,https://www.epicmountainrentals.com/,Services,service,OPERATIONAL,4.3,29,true,alpine-ski; gear-shop; snowboard,ski rental; ski shop; snowboard rental; snowboard shop; sporting goods store,core,standard,covered_tile,0,duplicate,possible_duplicate_of:ChIJ5zLW07L2mYARbnUkbo-NMlY,,,ChIJ5zLW07L2mYARbnUkbo-NMlY,ChIJA6CYKrP2mYARLQS5eCAlfVQ,https://maps.google.com/?cid=6088063092669350957&g_mp=Cidnb29nbGUubWFwcy5wbGFjZXMudjEuUGxhY2VzLlNlYXJjaFRleHQQAhgEIAA
55,needs_review,gate4:sweep_possible_duplicate,mountain area rentals,https://www.mountainarearentals.com/,Suppliers,supplier,OPERATIONAL,5,2,true,camping,tent rental,core,service-area,service_area_unknown_location,,duplicate,possible_duplicate_of:ChIJW6kImnuXmYARUnNyzKWfEGU,,,ChIJW6kImnuXmYARUnNyzKWfEGU,ChIJj6QyycBJSI4RLWvyXhasR1Y,https://maps.google.com/?cid=6217127022690462509&g_mp=Cidnb29nbGUubWFwcy5wbGFjZXMudjEuUGxhY2VzLlNlYXJjaFRleHQQAhgEIAA
56,needs_review,gate4:shared-domain:sparksmarinapaddle.com,Sparks Marina PaddleFit and Rentals,https://sparksmarinapaddle.com/,,,OPERATIONAL,5,2,true,canoe; kayak; sup,canoe rental; kayak rental; paddleboard rental,core,service-area,service_area_unknown_location,,duplicate,"Website domain already exists, but name/location did not corroborate a duplicate.",,,,ChIJGcDAv74_mYARSkbgYH80Shk,https://maps.google.com/?cid=1822326720915588682&g_mp=Cidnb29nbGUubWFwcy5wbGFjZXMudjEuUGxhY2VzLlNlYXJjaFRleHQQAhgEIAA
57,needs_review,gate4:sweep_possible_duplicate,West Shore Sports,http://westshoresports.com/,Services,service,OPERATIONAL,4.9,23,true,alpine-ski; canoe; cycling; ebike; gear-shop; kayak; mtb; pwc; snowboard; snowshoe; sup; wakeboard; watersports,bike rental; bike shop; canoe rental; downhill bike park rental; ebike rental; jet ski rental; kayak rental; mountain bike rental; paddleboard rental; ski boat rental; ski rental; ski shop; snowboard rental; snowboard shop; snowshoe rental; sporting goods store; watersports rental,core,standard,covered_tile,0,duplicate,possible_duplicate_of:ChIJq5Q9LNZ_mYAR_7YexyN5loc,,,ChIJq5Q9LNZ_mYAR_7YexyN5loc,ChIJ04d3lvZ9mYAR9avi2snSt1s,https://maps.google.com/?cid=6608982742592039925&g_mp=Cidnb29nbGUubWFwcy5wbGFjZXMudjEuUGxhY2VzLlNlYXJjaFRleHQQAhgEIAA
58,needs_review,gate4:verified-slug:mountain-mikes-tees-and-skis,Mountain Mike's Tees and Skis,http://www.mtnmikeslaketahoe.com/,Services,service,OPERATIONAL,4,22,true,alpine-ski; backcountry-ski; gear-shop; nordic-ski; snowboard; snowshoe,backcountry ski rental; cross country ski rental; outdoor equipment rental; outdoor gear rental; ski rental; ski shop; snowboard rental; snowboard shop; snowshoe rental; sporting goods store,core,standard,covered_tile,0,duplicate,"Slug was previously verified, but location/domain did not corroborate a same-operator duplicate.",,,,ChIJE1amPXSQmYAR0IbbbnD6ocI,https://maps.google.com/?cid=14024766075411597008&g_mp=Cidnb29nbGUubWFwcy5wbGFjZXMudjEuUGxhY2VzLlNlYXJjaFRleHQQAhgEIAA
59,needs_review,gate4:shared-domain:tahoedonner.com,Tahoe Donner Lodge Condos and Ski Hill,https://www.tahoedonner.com/news-events/private-events/weddings/venues/lodge/,Ski Resort,ski_resort,OPERATIONAL,4.7,21,true,alpine-ski; nordic-ski,cross country ski rental; ski rental,core,standard,covered_tile,0,duplicate,"Website domain already exists, but name/location did not corroborate a duplicate.",,,,ChIJ05aMQi7nm4ARY8LfV8veeys,https://maps.google.com/?cid=3133342930700321379&g_mp=Cidnb29nbGUubWFwcy5wbGFjZXMudjEuUGxhY2VzLlNlYXJjaFRleHQQAhgEIAA
60,needs_review,gate4:sweep_possible_duplicate,Patagonia,https://www.patagonia.com/store-locator/,Clothing Store,clothing_store,OPERATIONAL,3.6,20,true,alpine-ski; gear-shop,ski shop; sporting goods store,core,standard,covered_tile,0,duplicate,possible_duplicate_of:ChIJRV9f9HaQmYAR6kmr0HZp9kE,,,ChIJRV9f9HaQmYAR6kmr0HZp9kE,ChIJiXzgguvZm4ARr8S_DTldMD0,https://maps.google.com/?cid=4409126534820906159&g_mp=Cidnb29nbGUubWFwcy5wbGFjZXMudjEuUGxhY2VzLlNlYXJjaFRleHQQAhgEIAA
61,needs_review,gate4:shared-domain:battlebornpowersports.com,Battleborn Powersports,http://battlebornpowersports.com/,Services,service,OPERATIONAL,5,1,true,atv; utv,atv rental; quad rental; rzr rental; utv rental,core,service-area,service_area_unknown_location,,duplicate,"Website domain already exists, but name/location did not corroborate a duplicate.",,,,ChIJ_XV9uEkE6EQRo8SnN7o-qi0,https://maps.google.com/?cid=3290511447266149539&g_mp=Cidnb29nbGUubWFwcy5wbGFjZXMudjEuUGxhY2VzLlNlYXJjaFRleHQQAhgEIAA
62,needs_review,gate4:sweep_possible_duplicate,REI Bike Shop,https://www.rei.com/stores/reno/bike-shop,Services,service,OPERATIONAL,4.6,17,true,cycling; ebike; gear-shop; mtb,bike rental; bike shop; ebike rental; mountain bike rental; sporting goods store,core,standard,covered_tile,0,duplicate,possible_duplicate_of:ChIJyTEMtn0_mYARwkrufB2t4Fc,,,ChIJyTEMtn0_mYARwkrufB2t4Fc,ChIJd4Jcuaw_mYAR7m4Neb2imh0,https://maps.google.com/?cid=2133196308176793326&g_mp=Cidnb29nbGUubWFwcy5wbGFjZXMudjEuUGxhY2VzLlNlYXJjaFRleHQQAhgEIAA
63,needs_review,gate4:sweep_possible_duplicate,West Shore Sports,http://westshoresports.com/,Services,service,OPERATIONAL,4.6,16,true,canoe; cycling; kayak; powerboat; sup; watersports,bike rental; boat rental; canoe rental; kayak rental; kayak tours; paddleboard rental; watersports rental,core,standard,covered_tile,0,duplicate,possible_duplicate_of:ChIJq5Q9LNZ_mYAR_7YexyN5loc,,,ChIJq5Q9LNZ_mYAR_7YexyN5loc,ChIJQzRtOC2AmYARJIZqMz5Wvbk,https://maps.google.com/?cid=13383948492765562404&g_mp=Cidnb29nbGUubWFwcy5wbGFjZXMudjEuUGxhY2VzLlNlYXJjaFRleHQQAhgEIAA
64,needs_review,gate4:sweep_possible_duplicate,Zumiez,https://www.zumiez.com/stores/us717?utm_source=google+my+business&utm_medium=organic&utm_campaign=store+locations,Sporting Goods Store,sporting_goods_store,OPERATIONAL,4.4,16,true,gear-shop; snowboard,snowboard shop; sporting goods store,core,standard,covered_tile,0,duplicate,possible_duplicate_of:ChIJTb3VLfI_mYARC8xCjsfWDzE,,,ChIJTb3VLfI_mYARC8xCjsfWDzE,ChIJqUSXYIU_mYARZbEBWum17ng,https://maps.google.com/?cid=8714102342850556261&g_mp=Cidnb29nbGUubWFwcy5wbGFjZXMudjEuUGxhY2VzLlNlYXJjaFRleHQQAhgEIAA
65,needs_review,gate4:sweep_possible_duplicate,Showcase - Northstar,https://www.epicmountainrentals.com/,Sporting Goods Store,sporting_goods_store,OPERATIONAL,4.9,15,true,alpine-ski; gear-shop; nordic-ski; snowboard,cross country ski rental; ski rental; ski shop; snowboard rental; snowboard shop; sporting goods store,core,standard,covered_tile,0,duplicate,possible_duplicate_of:ChIJy_eG4DBimYARKG5IS_ziWW4,,,ChIJy_eG4DBimYARKG5IS_ziWW4,ChIJHy3S4TBimYAR8wZL0zU3DRk,https://maps.google.com/?cid=1805159729963140851&g_mp=Cidnb29nbGUubWFwcy5wbGFjZXMudjEuUGxhY2VzLlNlYXJjaFRleHQQAhgEIAA
66,needs_review,gate4:verified-slug:katoma-llc-boat-rental-lake-tahoe,Katoma LLC boat rental Lake Tahoe,http://boatrentalslaketahoe.com/,Services,service,OPERATIONAL,4.7,15,true,canoe; kayak; pontoon; powerboat; pwc; sailing; wakeboard; watersports,boat charter; boat rental; canoe rental; jet ski rental; kayak rental; motorboat rental; personal watercraft rental; pontoon rental; sailboat rental; ski boat rental; watersports rental; waverunner rental,core,standard,covered_tile,0,duplicate,"Slug was previously verified, but location/domain did not corroborate a same-operator duplicate.",,,,ChIJZSQyrBqbmYARCOrt-c8l9Yc,https://maps.google.com/?cid=9796778139595958792&g_mp=Cidnb29nbGUubWFwcy5wbGFjZXMudjEuUGxhY2VzLlNlYXJjaFRleHQQAhgEIAA
67,needs_review,gate4:sweep_possible_duplicate,Northstar Performance Demo,https://www.epicmountainrentals.com/,Services,service,OPERATIONAL,3.4,14,true,alpine-ski; cycling; gear-shop; mtb; snowboard,bike rental; bike shop; mountain bike rental; ski rental; ski shop; snowboard rental; snowboard shop; sporting goods store,core,standard,covered_tile,0,duplicate,possible_duplicate_of:ChIJy_eG4DBimYARKG5IS_ziWW4,,,ChIJy_eG4DBimYARKG5IS_ziWW4,ChIJF7B73zBimYARrR4Fd3o5ESU,https://maps.google.com/?cid=2670979252153032365&g_mp=Cidnb29nbGUubWFwcy5wbGFjZXMudjEuUGxhY2VzLlNlYXJjaFRleHQQAhgEIAA
68,needs_review,gate4:verified-slug:bicycle-service-center,Bicycle Service Center,http://bicycleservicecenter.com/,Services,service,OPERATIONAL,4.7,13,true,cycling; ebike; mtb,bike rental; bike shop; ebike rental; mountain bike rental,core,standard,covered_tile,0,duplicate,"Slug was previously verified, but location/domain did not corroborate a same-operator duplicate.",,,,ChIJTXYPIfxHmYARV7PRV5mpUq8,https://maps.google.com/?cid=12633346380796113751&g_mp=Cidnb29nbGUubWFwcy5wbGFjZXMudjEuUGxhY2VzLlNlYXJjaFRleHQQAhgEIAA
69,needs_review,gate4:sweep_possible_duplicate,Burlington,https://www.burlington.com/stores/nv/carson-city/1681?utm_source=google&utm_medium=organic&utm_campaign=maps,Clothing Store,clothing_store,OPERATIONAL,4.1,11,true,gear-shop,sporting goods store,core,standard,covered_tile,0,duplicate,possible_duplicate_of:ChIJl1VVVSU-mYARJj-DrzWoUQQ,,,ChIJl1VVVSU-mYARJj-DrzWoUQQ,ChIJMX6vn0ChmYARSywE0MlNSWA,https://maps.google.com/?cid=6938162230114659403&g_mp=Cidnb29nbGUubWFwcy5wbGFjZXMudjEuUGxhY2VzLlNlYXJjaFRleHQQAhgEIAA
70,needs_review,gate4:sweep_possible_duplicate,Nor-Cal Charters,https://www.fishingintahoe.com/,Fishing Charter,fishing_charter,OPERATIONAL,4.8,10,true,fishing-charter; powerboat,boat charter; fishing charter,core; gap,standard,covered_tile,0,duplicate,possible_duplicate_of:ChIJg2OclY2PmYAR5NI116CXf8k,,,ChIJg2OclY2PmYAR5NI116CXf8k,ChIJBWDI1OY5XmURrYNeiUP2qBU,https://maps.google.com/?cid=1560768040811791277&g_mp=Cidnb29nbGUubWFwcy5wbGFjZXMudjEuUGxhY2VzLlNlYXJjaFRleHQQAhgEIAA
71,needs_review,gate4:sweep_possible_duplicate,Tahoe Donner Bikeworks,https://www.tahoedonner.com/amenities/amenities/bikeworks/,Services,service,OPERATIONAL,4.5,10,true,cycling; ebike; mtb,bike rental; bike shop; downhill bike park rental; ebike rental; mountain bike rental,core,standard,covered_tile,0,duplicate,possible_duplicate_of:ChIJlR4YgSrnm4ARApSSsylmGNE,,,ChIJlR4YgSrnm4ARApSSsylmGNE,ChIJZ37pmCrnm4ARZSL7KmoQYw8,https://maps.google.com/?cid=1108747981436953189&g_mp=Cidnb29nbGUubWFwcy5wbGFjZXMudjEuUGxhY2VzLlNlYXJjaFRleHQQAhgEIAA
72,needs_review,gate4:sweep_possible_duplicate,TahoeJetBoats,https://www.tahoejetboats.com/,Services,service,OPERATIONAL,4.6,9,true,canoe; kayak; powerboat; pwc; wakeboard; watersports,boat rental; canoe rental; jet ski rental; kayak rental; motorboat rental; personal watercraft rental; ski boat rental; watersports rental; waverunner rental,core,standard,covered_tile,0,duplicate,possible_duplicate_of:ChIJc7xrQz1wmYARNoqosr-SE3U,,,ChIJc7xrQz1wmYARNoqosr-SE3U,ChIJl8-H1OGPmYARSzMIQpKESLM,https://maps.google.com/?cid=12918721294820193099&g_mp=Cidnb29nbGUubWFwcy5wbGFjZXMudjEuUGxhY2VzLlNlYXJjaFRleHQQAhgEIAA
73,needs_review,gate4:sweep_possible_duplicate,Kayak Tahoe,http://www.kayaktahoe.com/,Services,service,OPERATIONAL,,0,true,canoe; kayak,canoe rental; kayak rental,core,service-area,service_area_unknown_location,,duplicate,possible_duplicate_of:ChIJb9Vvv7SHmYARXA3c6wo9eCM,,,ChIJb9Vvv7SHmYARXA3c6wo9eCM,ChIJ_eNIfQlXs6YR8_1W_8pxBy8,https://maps.google.com/?cid=3388802361300811251&g_mp=Cidnb29nbGUubWFwcy5wbGFjZXMudjEuUGxhY2VzLlNlYXJjaFRleHQQAhgEIAA
74,needs_review,gate4:sweep_possible_duplicate,tahoe adventure rentals,http://tahoeadventurerentals.com/,Services,service,OPERATIONAL,,0,true,canoe; pontoon; powerboat,boat rental; canoe rental; pontoon rental,core,service-area,service_area_unknown_location,,duplicate,possible_duplicate_of:ChIJKR1iarZlmYARNAKF-L4g-ro,,,ChIJKR1iarZlmYARNAKF-L4g-ro,ChIJB8Rr3P1EwAIRkreX5MWCPuo,https://maps.google.com/?cid=16879072239886514066&g_mp=Cidnb29nbGUubWFwcy5wbGFjZXMudjEuUGxhY2VzLlNlYXJjaFRleHQQAhgEIAA
75,needs_review,gate4:sweep_possible_duplicate,Lake Tahoe Boat Charters,https://tahoeboattours.com/,Services,service,OPERATIONAL,5,8,true,canoe; pontoon; powerboat; sailing,boat charter; boat rental; canoe rental; pontoon rental; sailboat rental,core,standard,covered_tile,0,duplicate,possible_duplicate_of:ChIJT720oDKPmYARl61Bj0YsY04,,,ChIJT720oDKPmYARl61Bj0YsY04,ChIJFThm4a-PmYAR-6x777jSJvo,https://maps.google.com/?cid=18025326250330664187&g_mp=Cidnb29nbGUubWFwcy5wbGFjZXMudjEuUGxhY2VzLlNlYXJjaFRleHQQAhgEIAA
76,needs_review,gate4:sweep_possible_duplicate,Lake Tahoe Bike Rentals,http://tahoepowderhouse.com/,Services,service,OPERATIONAL,3.1,7,true,cycling; ebike; mtb,bike rental; bike shop; ebike rental; mountain bike rental,core,standard,covered_tile,0,duplicate,possible_duplicate_of:ChIJNd1MfXaQmYARGUhCfr5Mou8,,,ChIJNd1MfXaQmYARGUhCfr5Mou8,ChIJWRQo6XaQmYARPFU-QgLAS9Y,https://maps.google.com/?cid=15441646863303726396&g_mp=Cidnb29nbGUubWFwcy5wbGFjZXMudjEuUGxhY2VzLlNlYXJjaFRleHQQAhgEIAA
77,needs_review,gate4:verified-slug:tahoe-wake-tubing-boat-rentals,Tahoe Wake Tubing Boat Rentals,https://www.tahoewaketubing.com/,Services,service,OPERATIONAL,5,6,true,canoe; pontoon; powerboat; pwc; river-tube; wakeboard; watersports,boat charter; boat rental; canoe rental; jet ski rental; motorboat rental; personal watercraft rental; pontoon rental; river float rental; river tubing rental; ski boat rental; wakeboard boat rental; watersports rental; waverunner rental,core,standard,covered_tile,0,duplicate,"Slug was previously verified, but location/domain did not corroborate a same-operator duplicate.",,,,ChIJl8-H1OGPmYARrRJCYDUCkE4,https://maps.google.com/?cid=5661027159876178605&g_mp=Cidnb29nbGUubWFwcy5wbGFjZXMudjEuUGxhY2VzLlNlYXJjaFRleHQQAhgEIAA
78,needs_review,gate4:sweep_possible_duplicate,Heavenly Sports - Lake Tahoe Resort Hotel,https://www.epicmountainrentals.com/,Services,service,OPERATIONAL,4.3,6,true,alpine-ski; backpacking; camping; gear-shop; snowboard,backpacking gear rental; camping gear rental; outdoor equipment rental; outdoor gear rental; ski rental; ski shop; snowboard rental; snowboard shop; sporting goods store; tent rental,core,standard,covered_tile,0,duplicate,possible_duplicate_of:ChIJPRErSHaQmYARa7QpkWhOUO0,,,ChIJPRErSHaQmYARa7QpkWhOUO0,ChIJx83JvkSQmYARKn4staJO7Ko,https://maps.google.com/?cid=12316305541682724394&g_mp=Cidnb29nbGUubWFwcy5wbGFjZXMudjEuUGxhY2VzLlNlYXJjaFRleHQQAhgEIAA
79,needs_review,gate4:sweep_possible_duplicate,The Tahoe Experience,https://www.thetahoeexperience.com/contact/,Point of interest,point_of_interest,OPERATIONAL,5,4,true,powerboat,boat charter; boat rental,core,standard,covered_tile,0,duplicate,possible_duplicate_of:ChIJG1pSOoE7WaIR4hsZXbN-jQY,,,ChIJG1pSOoE7WaIR4hsZXbN-jQY,ChIJoweDxY2PmYAREYlwZ3bRULE,https://maps.google.com/?cid=12776942449321871633&g_mp=Cidnb29nbGUubWFwcy5wbGFjZXMudjEuUGxhY2VzLlNlYXJjaFRleHQQAhgEIAA
80,needs_review,gate4:sweep_possible_duplicate,RMU Truckee Ski Shop,https://mtnculture.com/pages/rmu-truckee,Sporting Goods Store,sporting_goods_store,OPERATIONAL,5,4,true,alpine-ski; cycling; gear-shop; mtb; snowboard,bike rental; bike shop; mountain bike rental; ski rental; ski shop; snowboard rental; snowboard shop; sporting goods store,core,standard,covered_tile,0,duplicate,possible_duplicate_of:ChIJS7Sl5rffm4ARB-OEDULe4ZE,,,ChIJS7Sl5rffm4ARB-OEDULe4ZE,ChIJN6x_Hdvfm4ARs2OsVqqpEyw,https://maps.google.com/?cid=3176068711290004403&g_mp=Cidnb29nbGUubWFwcy5wbGFjZXMudjEuUGxhY2VzLlNlYXJjaFRleHQQAhgEIAA
81,needs_review,gate4:sweep_possible_duplicate,Tahoe Family Adventures,http://tahoefamilyadventures.com/,Tourist Attraction,tourist_attraction,OPERATIONAL,2,4,true,alpine-ski; atv; pwc; snow-tube; snowmobile; wakeboard,atv rental; jet ski rental; ski boat rental; ski rental; sled rental; snowmobile rental,core; experience,standard,covered_tile,0,duplicate,possible_duplicate_of:ChIJZRK_PHNlmYARCC9Jif-vstA,,,ChIJZRK_PHNlmYARCC9Jif-vstA,ChIJCdoQFwBfmYARXNSvg1ibWZ4,https://maps.google.com/?cid=11410321935388628060&g_mp=Cidnb29nbGUubWFwcy5wbGFjZXMudjEuUGxhY2VzLlNlYXJjaFRleHQQAhgEIAA
82,needs_review,gate4:sweep_possible_duplicate,Heavenly Sports - Gondola Sports,https://www.epicmountainrentals.com/,Sporting Goods Store,sporting_goods_store,OPERATIONAL,5,3,true,alpine-ski; gear-shop; snow-tube; snowboard; snowshoe,ski shop; sled rental; snowboard rental; snowboard shop; snowshoe rental; sporting goods store,core; experience,standard,covered_tile,0,duplicate,possible_duplicate_of:ChIJx83JvkSQmYAR37b1G_O0P5E,,,ChIJx83JvkSQmYAR37b1G_O0P5E,ChIJb-R5QcGRmYARL0o6_l4w_w8,https://maps.google.com/?cid=1152693214180428335&g_mp=Cidnb29nbGUubWFwcy5wbGFjZXMudjEuUGxhY2VzLlNlYXJjaFRleHQQAhgEIAA
83,needs_review,gate4:sweep_possible_duplicate,Mogul Mouse,https://www.bobos.com/,Services,service,OPERATIONAL,5,3,true,alpine-ski; backcountry-ski; gear-shop; nordic-ski; snowboard; snowshoe,cross country ski rental; outdoor gear rental; ski rental; ski shop; snowboard rental; snowboard shop; snowshoe rental; splitboard rental,core,standard,covered_tile,0,duplicate,possible_duplicate_of:ChIJqyv1rH9AmYARtgff-7iWsyQ,,,ChIJqyv1rH9AmYARtgff-7iWsyQ,ChIJkW3Hrn9AmYARSTxL7AQZDxk,https://maps.google.com/?cid=1805689484533775433&g_mp=Cidnb29nbGUubWFwcy5wbGFjZXMudjEuUGxhY2VzLlNlYXJjaFRleHQQAhgEIAA
84,needs_review,gate4:sweep_possible_duplicate,Tahoe Sports Ltd. Kayak & Fish,https://www.tahoesportsltd.com/,Sporting Goods Store,sporting_goods_store,OPERATIONAL,3.7,3,true,alpine-ski; backpacking; camping; canoe; fishing-gear; gear-shop; kayak; sup; watersports,backpacking gear rental; camping gear rental; canoe rental; fishing bait and tackle shop; kayak rental; outdoor gear rental; paddleboard rental; ski shop; sporting goods store; watersports rental,core; gap,standard,covered_tile,0,duplicate,possible_duplicate_of:ChIJb7h4oHaQmYAR3aCog1QfgtE,,,ChIJb7h4oHaQmYAR3aCog1QfgtE,ChIJ96DFVwORmYARXV1Vb5U0MyM,https://maps.google.com/?cid=2536428831562358109&g_mp=Cidnb29nbGUubWFwcy5wbGFjZXMudjEuUGxhY2VzLlNlYXJjaFRleHQQAhgEIAA
85,needs_review,gate4:sweep_possible_duplicate,Estelle Sports,https://www.palisadestahoe.com/events-and-activities/shopping/estelle,Store,store,OPERATIONAL,5,2,true,alpine-ski; gear-shop; snowboard,ski rental; ski shop; snowboard rental; snowboard shop; sporting goods store,core,standard,covered_tile,0,duplicate,possible_duplicate_of:ChIJ1dX2qkfXm4ARJXJAHWapnYk,,,ChIJ1dX2qkfXm4ARJXJAHWapnYk,ChIJF7-iSEXXm4ARZ44Y30OtY1A,https://maps.google.com/?cid=5792664052745932391&g_mp=Cidnb29nbGUubWFwcy5wbGFjZXMudjEuUGxhY2VzLlNlYXJjaFRleHQQAhgEIAA
86,needs_review,gate4:sweep_possible_duplicate,Tahoe Keys Yacht Charter,http://tahoesports.com/,Tour Agency,tour_agency,OPERATIONAL,5,1,true,powerboat; sailing,boat charter; boat rental; motorboat rental; sailboat rental,core,standard,covered_tile,0,duplicate,possible_duplicate_of:ChIJCcWhKwmQmYARgCkaufWt1HM,,,ChIJCcWhKwmQmYARgCkaufWt1HM,ChIJCcWhKwmQmYAR7dEZlQkDrWU,https://maps.google.com/?cid=7326515508492751341&g_mp=Cidnb29nbGUubWFwcy5wbGFjZXMudjEuUGxhY2VzLlNlYXJjaFRleHQQAhgEIAA
87,needs_review,gate4:verified-slug:clearly-tahoe-bikes,Clearly Tahoe Bikes,https://bikelaketahoe.com/,Services,service,OPERATIONAL,5,1,true,cycling,bike rental; bike shop,core,standard,covered_tile,0,duplicate,"Slug was previously verified, but location/domain did not corroborate a same-operator duplicate.",,,,ChIJlfkixIebmYARzsYK3x_HyfI,https://maps.google.com/?cid=17494733167197341390&g_mp=Cidnb29nbGUubWFwcy5wbGFjZXMudjEuUGxhY2VzLlNlYXJjaFRleHQQAhgEIAA
88,needs_review,gate4:sweep_possible_duplicate,Donner Summit Rentals,https://www.donnersummitrentals.com/,Services,service,OPERATIONAL,5,1,true,alpine-ski; snow-tube; snowmobile,ski rental; ski shop; sled rental; snowmobile rental,core; experience,standard,covered_tile,0,duplicate,possible_duplicate_of:ChIJy1YKLu_nm4ARlxeebeSAsuQ,,,ChIJy1YKLu_nm4ARlxeebeSAsuQ,ChIJ225xDjbom4ARxusGQQfFoKM,https://maps.google.com/?cid=11790640459402374086&g_mp=Cidnb29nbGUubWFwcy5wbGFjZXMudjEuUGxhY2VzLlNlYXJjaFRleHQQAhgEIAA
89,needs_review,gate4:sweep_possible_duplicate,CP Sno Motorsports,http://cyclepaths.com/cp-sno,Sporting Goods Store,sporting_goods_store,OPERATIONAL,5,1,true,alpine-ski; cycling; gear-shop,bike shop; ski shop; sporting goods store,core,standard,covered_tile,0,duplicate,possible_duplicate_of:ChIJKx4AZMvfm4ARYXTbCQnZlWk,,,ChIJKx4AZMvfm4ARYXTbCQnZlWk,ChIJWaaQMg7fm4ARA_g_GZQNbzw,https://maps.google.com/?cid=4354714294420502531&g_mp=Cidnb29nbGUubWFwcy5wbGFjZXMudjEuUGxhY2VzLlNlYXJjaFRleHQQAhgEIAA
90,needs_review,gate4:verified-slug:black-tie-adventure-rentals-north-tahoe,Black Tie Adventure Rentals North Tahoe,https://www.blacktiesummer.com/north-tahoe/,Sporting Goods Store,sporting_goods_store,OPERATIONAL,5,1,true,atv; cycling; ebike; gear-shop; mtb,atv rental; bike rental; bike shop; downhill bike park rental; ebike rental; mountain bike rental; outdoor equipment rental; outdoor gear rental; sporting goods store,core,standard,covered_tile,0,duplicate,"Slug was previously verified, but location/domain did not corroborate a same-operator duplicate.",,,,ChIJJ1bqK9BhmYAR0mLvJWN5JUo,https://maps.google.com/?cid=5342809999690130130&g_mp=Cidnb29nbGUubWFwcy5wbGFjZXMudjEuUGxhY2VzLlNlYXJjaFRleHQQAhgEIAA
91,needs_review,gate4:sweep_possible_duplicate,Tahoe WakeBusters,https://www.tahoewakebusters.com/,Services,service,OPERATIONAL,,0,true,canoe; powerboat; wakeboard; watersports,boat charter; boat rental; canoe rental; wakeboard boat rental; watersports rental,core,standard,covered_tile,0,duplicate,possible_duplicate_of:ChIJC-M6c2mDmYARooZiRflQOuc,,,ChIJC-M6c2mDmYARooZiRflQOuc,ChIJYbSbBcaPmYARtGDEM01RVJ4,https://maps.google.com/?cid=11408833148059148468&g_mp=Cidnb29nbGUubWFwcy5wbGFjZXMudjEuUGxhY2VzLlNlYXJjaFRleHQQAhgEIAA
92,needs_review,gate4:sweep_possible_duplicate,Doing It Big Rentals,https://doingitbigrentals.com/,Services,service,OPERATIONAL,,0,true,snow-tube; snowmobile,sled rental; snowmobile rental,core; experience,standard,covered_tile,0,duplicate,possible_duplicate_of:ChIJXa0M2O6-2a8RmpGcRKDxZYk,,,ChIJXa0M2O6-2a8RmpGcRKDxZYk,ChIJ1f9UqyK_mYAR0cLcOEFKV2A,https://maps.google.com/?cid=6942098994602230481&g_mp=Cidnb29nbGUubWFwcy5wbGFjZXMudjEuUGxhY2VzLlNlYXJjaFRleHQQAhgEIAA
93,needs_review,gate4:verified-slug:tahoe-toys-adventures-llc,Tahoe Toys & Adventures LLC,http://tahoetoysadventures.com/,Services,service,OPERATIONAL,,0,true,alpine-ski; pwc; snow-tube; snowmobile; sup; watersports,jet ski rental; lake toy rental; paddleboard rental; personal watercraft rental; ski rental; sled rental; snowmobile rental; watersports rental; waverunner rental,core; experience,standard,covered_tile,0,duplicate,"Slug was previously verified, but location/domain did not corroborate a same-operator duplicate.",,,,ChIJDaVqy8ObmYARzHjV519rv7c,https://maps.google.com/?cid=13240419489148139724&g_mp=Cidnb29nbGUubWFwcy5wbGFjZXMudjEuUGxhY2VzLlNlYXJjaFRleHQQAhgEIAA
94,needs_review,gate4:sweep_possible_duplicate,DK Boats,https://www.tahoedkboats.com/,Services,service,OPERATIONAL,,0,true,canoe; pontoon; powerboat,boat rental; canoe rental; pontoon rental,core,standard,covered_tile,0,duplicate,possible_duplicate_of:ChIJUXRv_b2PmYARhMFCa2UdWX4,,,ChIJUXRv_b2PmYARhMFCa2UdWX4,ChIJeZOEri2NPYQRPpJ2pPvf8hg,https://maps.google.com/?cid=1797745473163268670&g_mp=Cidnb29nbGUubWFwcy5wbGFjZXMudjEuUGxhY2VzLlNlYXJjaFRleHQQAhgEIAA
95,needs_review,gate4:sweep_possible_duplicate,Tahoe city kayak kiosk,https://tahoecitykayak.com/,Services,service,OPERATIONAL,,0,true,canoe; kayak; sup; watersports,canoe rental; kayak rental; paddleboard rental; watersports rental,core,standard,covered_tile,0,duplicate,possible_duplicate_of:ChIJzyZuiZl9mYARNyV5iLZ93n4,,,ChIJzyZuiZl9mYARNyV5iLZ93n4,ChIJD1DBxdd9mYARTiybi1OP1OE,https://maps.google.com/?cid=16272788942583704654&g_mp=Cidnb29nbGUubWFwcy5wbGFjZXMudjEuUGxhY2VzLlNlYXJjaFRleHQQAhgEIAA
96,needs_review,gate4:verified-slug:bikepath-e-bike-rentals,Bikepath E-Bike Rentals,http://www.pedegoreno.com/,Services,service,OPERATIONAL,,0,true,cycling; dirtbike; ebike; mtb,bike rental; bike shop; ebike rental; motocross bike rental; mountain bike rental,core,standard,covered_tile,0,duplicate,"Slug was previously verified, but location/domain did not corroborate a same-operator duplicate.",,,,ChIJLfhCPFg_mYARYH9oMiSQ3_M,https://maps.google.com/?cid=17572922756161896288&g_mp=Cidnb29nbGUubWFwcy5wbGFjZXMudjEuUGxhY2VzLlNlYXJjaFRleHQQAhgEIAA
97,needs_review,gate4:verified-slug:tahoeparadiseboatrental,tahoeparadiseboatrental,,Services,service,OPERATIONAL,,0,true,canoe; pontoon; powerboat,boat rental; canoe rental; motorboat rental; pontoon rental,core,standard,covered_tile,0,duplicate,"Slug was previously verified, but location/domain did not corroborate a same-operator duplicate.",,,,ChIJgRu3rMQ_mYARkVW9PH_qKV4,https://maps.google.com/?cid=6785212145811150225&g_mp=Cidnb29nbGUubWFwcy5wbGFjZXMudjEuUGxhY2VzLlNlYXJjaFRleHQQAhgEIAA
98,needs_review,gate4:sweep_possible_duplicate,Outdoor Cover Warehouse,https://www.outdoorcoverwarehouse.com/Sparks-Nevada?utm_source=google&utm_medium=gmb&utm_campaign=Sparks-Nevada,Sporting Goods Store,sporting_goods_store,OPERATIONAL,,0,true,gear-shop,sporting goods store,core,standard,covered_tile,0,duplicate,possible_duplicate_of:ChIJydURVyVBmYARUqN5xRdZCoM,,,ChIJydURVyVBmYARUqN5xRdZCoM,ChIJJXkhsck_mYARfjSZDGcsD5o,https://maps.google.com/?cid=11101140427596182654&g_mp=Cidnb29nbGUubWFwcy5wbGFjZXMudjEuUGxhY2VzLlNlYXJjaFRleHQQAhgEIAA
99,needs_review,gate4:sweep_possible_duplicate,Nor-Cal Charters,http://www.fishingintahoe.com/,Fishing Charter,fishing_charter,OPERATIONAL,4.5,4,true,fishing-charter,fishing charter,gap,standard,covered_tile,0,duplicate,possible_duplicate_of:ChIJg2OclY2PmYAR5NI116CXf8k,,,ChIJg2OclY2PmYAR5NI116CXf8k,ChIJ4xATJ2mbmYARxuU2BWKmat0,https://maps.google.com/?cid=15954747569837893062&g_mp=Cidnb29nbGUubWFwcy5wbGFjZXMudjEuUGxhY2VzLlNlYXJjaFRleHQQAhgEIAA
100,needs_review,gate4:shared-domain:palisadestahoe.com,Palisades Tahoe,https://www.palisadestahoe.com/,Ski Resort,ski_resort,OPERATIONAL,4.6,6766,false,snow-tube,snow tube rental,experience,standard,covered_tile,0,duplicate,"Website domain already exists, but name/location did not corroborate a duplicate.",,,,ChIJPSaP8OzZm4ARDxeFl_CIvjA,https://maps.google.com/?cid=3512395326311175951&g_mp=Cidnb29nbGUubWFwcy5wbGFjZXMudjEuUGxhY2VzLlNlYXJjaFRleHQQAhgEIAA
101,needs_review,gate4:shared-domain:northstarcalifornia.com,Northstar California Resort,https://www.northstarcalifornia.com/,Ski Resort,ski_resort,OPERATIONAL,4.5,6257,false,snow-tube,snow tube rental,experience,standard,covered_tile,0,duplicate,"Website domain already exists, but name/location did not corroborate a duplicate.",,,,ChIJG_MAHWlimYARQhbFNZ29CPE,https://maps.google.com/?cid=17368340445863941698&g_mp=Cidnb29nbGUubWFwcy5wbGFjZXMudjEuUGxhY2VzLlNlYXJjaFRleHQQAhgEIAA
102,needs_review,gate4:sweep_possible_duplicate,Kirkwood Mountain Resort,https://www.kirkwood.com/,Ski Resort,ski_resort,OPERATIONAL,4.6,3477,false,snow-tube,snow tube rental,experience,standard,covered_tile,0,duplicate,possible_duplicate_of:ChIJmc7yP03xmYARjfw0zAijR7g,,,ChIJmc7yP03xmYARjfw0zAijR7g,ChIJyw_jRk3xmYARn-W118rvXYs,https://maps.google.com/?cid=10042446398587528607&g_mp=Cidnb29nbGUubWFwcy5wbGFjZXMudjEuUGxhY2VzLlNlYXJjaFRleHQQAhgEIAA
103,needs_review,gate4:verified-slug:lake-tahoe-diving-environmental-llc,Lake Tahoe Diving & Environmental LLC,https://www.laketahoedivingenvironmentalllc.com/,,,OPERATIONAL,,0,false,scuba,scuba diving,experience,standard,covered_tile,0,duplicate,"Slug was previously verified, but location/domain did not corroborate a same-operator duplicate.",,,,ChIJx9_Js8CbmYARYODaATHHCtI,https://maps.google.com/?cid=15135128511030419552&g_mp=Cidnb29nbGUubWFwcy5wbGFjZXMudjEuUGxhY2VzLlNlYXJjaFRleHQQAhgEIAA
